date;device-id;rssi;snr;payload
2024-02-19T13:56:45.192503558Z;eui-70b3d57ed00633b8;-52;11.75;25.27C,41.40%,997.33Pa
2024-02-19T13:57:51.314817085Z;eui-70b3d57ed00633b8;-49;13.5;25.29C,41.28%,997.33Pa
2024-02-19T13:58:57.461474006Z;eui-70b3d57ed00633b8;-51;13.5;25.31C,43.54%,997.33Pa
2024-02-19T14:00:03.591778505Z;eui-70b3d57ed00633b8;-53;13.75;25.28C,36.84%,997.34Pa
2024-02-19T14:01:09.723696666Z;eui-70b3d57ed00633b8;-52;11.75;25.23C,35.19%,997.34Pa
2024-02-19T14:02:15.849440949Z;eui-70b3d57ed00633b8;-50;13.25;25.15C,35.35%,997.34Pa
2024-02-19T14:03:21.968399009Z;eui-70b3d57ed00633b8;-49;9.5;25.06C,36.07%,997.34Pa
2024-02-19T14:04:28.096707757Z;eui-70b3d57ed00633b8;-50;13.25;24.97C,36.81%,997.34Pa
2024-02-19T14:05:34.247122492Z;eui-70b3d57ed00633b8;-49;13.25;24.88C,38.47%,997.34Pa
2024-02-19T14:06:40.367200666Z;eui-70b3d57ed00633b8;-52;13.5;24.81C,38.79%,997.33Pa
2024-02-19T14:07:46.496765504Z;eui-70b3d57ed00633b8;-53;11.5;24.75C,39.49%,997.33Pa
2024-02-19T14:08:52.619224308Z;eui-70b3d57ed00633b8;-52;13.5;24.69C,41.41%,997.32Pa
2024-02-19T14:09:58.749147108Z;eui-70b3d57ed00633b8;-52;13.5;24.66C,40.64%,997.31Pa
2024-02-19T14:11:04.881319513Z;eui-70b3d57ed00633b8;-49;13.5;24.30C,41.29%,997.23Pa
2024-02-19T14:12:11.020539912Z;eui-70b3d57ed00633b8;-50;13.5;24.39C,40.73%,997.17Pa
2024-02-19T14:13:17.140853659Z;eui-70b3d57ed00633b8;-51;10.25;24.39C,41.24%,997.16Pa
2024-02-19T14:14:23.276438449Z;eui-70b3d57ed00633b8;-52;13.5;24.39C,41.43%,997.15Pa
2024-02-19T14:15:29.396093972Z;eui-70b3d57ed00633b8;-53;13.75;24.40C,41.32%,997.15Pa
2024-02-19T14:16:35.541541505Z;eui-70b3d57ed00633b8;-53;13.25;24.53C,41.36%,997.10Pa
2024-02-19T14:17:41.652889971Z;eui-70b3d57ed00633b8;-52;13.75;24.51C,41.28%,997.18Pa
2024-02-19T14:18:47.794607384Z;eui-70b3d57ed00633b8;-52;14.25;24.53C,41.75%,997.16Pa
2024-02-19T14:19:53.914136536Z;eui-70b3d57ed00633b8;-54;11;24.53C,41.65%,997.15Pa
2024-02-19T14:21:00.046606751Z;eui-70b3d57ed00633b8;-53;13.5;24.53C,40.66%,997.15Pa
2024-02-19T14:22:06.175732456Z;eui-70b3d57ed00633b8;-52;13.5;24.54C,41.32%,997.14Pa
2024-02-19T14:23:12.299427512Z;eui-70b3d57ed00633b8;-45;13.25;24.55C,41.75%,997.14Pa
2024-02-19T14:24:18.433991817Z;eui-70b3d57ed00633b8;-51;10;24.55C,42.38%,997.14Pa
2024-02-19T14:25:24.579938462Z;eui-70b3d57ed00633b8;-52;13.75;24.71C,40.94%,997.09Pa
2024-02-19T14:26:30.701583923Z;eui-70b3d57ed00633b8;-49;13.5;24.80C,42.30%,997.10Pa
2024-02-19T14:27:36.824148399Z;eui-70b3d57ed00633b8;-49;8.5;24.85C,41.02%,997.21Pa
2024-02-19T14:28:42.966491195Z;eui-70b3d57ed00633b8;-52;14;24.81C,42.66%,997.20Pa
2024-02-19T14:29:49.088978265Z;eui-70b3d57ed00633b8;-50;13;24.88C,41.39%,997.16Pa
2024-02-19T14:30:55.216411221Z;eui-70b3d57ed00633b8;-52;11.25;24.88C,43.03%,997.16Pa
2024-02-19T14:32:01.359853318Z;eui-70b3d57ed00633b8;-45;13.75;24.88C,43.32%,997.16Pa
2024-02-19T14:33:07.489765076Z;eui-70b3d57ed00633b8;-49;13.25;24.88C,42.40%,997.15Pa
2024-02-19T14:34:13.618315353Z;eui-70b3d57ed00633b8;-55;13.25;24.87C,42.36%,997.15Pa
2024-02-19T14:35:19.749953628Z;eui-70b3d57ed00633b8;-55;10;24.87C,42.27%,997.16Pa
2024-02-19T14:36:25.881626232Z;eui-70b3d57ed00633b8;-55;13.5;24.86C,43.21%,997.16Pa
2024-02-19T14:37:31.992207525Z;eui-70b3d57ed00633b8;-55;13.75;24.85C,43.66%,997.17Pa
2024-02-19T14:38:38.134521460Z;eui-70b3d57ed00633b8;-52;13.5;24.85C,42.97%,997.17Pa
2024-02-19T14:39:44.261258657Z;eui-70b3d57ed00633b8;-49;9.5;24.84C,42.56%,997.16Pa
2024-02-19T14:40:50.397554141Z;eui-70b3d57ed00633b8;-52;13.5;24.84C,43.36%,997.15Pa
2024-02-19T14:41:56.530630605Z;eui-70b3d57ed00633b8;-51;13.5;24.84C,42.09%,997.15Pa
2024-02-19T14:43:02.641640706Z;eui-70b3d57ed00633b8;-55;13.5;24.82C,42.90%,997.11Pa
2024-02-19T14:44:08.788368072Z;eui-70b3d57ed00633b8;-60;10;24.76C,43.29%,997.16Pa
2024-02-19T14:45:14.898106666Z;eui-70b3d57ed00633b8;-54;13.75;24.78C,43.97%,997.12Pa
2024-02-19T14:46:21.032559225Z;eui-70b3d57ed00633b8;-52;13.75;24.72C,43.48%,997.11Pa
2024-02-19T14:47:27.161576016Z;eui-70b3d57ed00633b8;-55;13.5;24.73C,43.46%,997.17Pa
2024-02-19T14:48:33.305774389Z;eui-70b3d57ed00633b8;-54;13.5;24.73C,44.38%,997.18Pa
2024-02-19T14:49:39.438277444Z;eui-70b3d57ed00633b8;-50;13.75;24.72C,44.18%,997.18Pa
2024-02-19T14:50:45.550798942Z;eui-70b3d57ed00633b8;-54;13.25;24.72C,43.66%,997.18Pa
2024-02-19T14:51:51.684256958Z;eui-70b3d57ed00633b8;-54;11.5;24.90C,45.65%,997.29Pa
2024-02-19T14:52:57.828569960Z;eui-70b3d57ed00633b8;-51;10;24.89C,43.85%,997.14Pa
2024-02-19T14:54:03.947795331Z;eui-70b3d57ed00633b8;-52;14.25;24.80C,44.96%,997.20Pa
2024-02-19T14:55:10.086183602Z;eui-70b3d57ed00633b8;-50;13.75;24.83C,44.53%,997.15Pa
2024-02-19T14:56:16.204763947Z;eui-70b3d57ed00633b8;-56;13.25;24.83C,44.50%,997.15Pa
2024-02-19T14:57:22.333666542Z;eui-70b3d57ed00633b8;-67;13.75;24.83C,47.49%,997.15Pa
2024-02-19T14:58:28.474107077Z;eui-70b3d57ed00633b8;-52;13.5;24.83C,45.14%,997.15Pa
2024-02-19T14:59:34.604330108Z;eui-70b3d57ed00633b8;-48;13.25;24.83C,44.64%,997.14Pa
2024-02-19T15:00:40.719446954Z;eui-70b3d57ed00633b8;-47;13.75;24.87C,44.53%,997.11Pa
2024-02-19T15:04:52.151641787Z;eui-70b3d57ed00633b8;-50;14.25;24.91C,43.99%,997.15Pa
2024-02-19T15:25:33.156807276Z;eui-70b3d57ed00633b8;-51;14;24.91C,46.68%,997.07Pa
2024-02-19T15:26:39.285040238Z;eui-70b3d57ed00633b8;-53;11.5;24.91C,45.55%,997.07Pa
2024-02-19T15:27:45.422611808Z;eui-70b3d57ed00633b8;-52;13.75;24.91C,44.62%,997.07Pa
2024-02-19T15:28:51.557591351Z;eui-70b3d57ed00633b8;-53;13.25;24.98C,45.53%,997.11Pa
2024-02-19T15:29:57.682600908Z;eui-70b3d57ed00633b8;-54;13.5;24.94C,44.73%,997.18Pa
2024-02-19T15:31:02.829698900Z;eui-70b3d57ed00633b8;-53;13.25;50.302687,10.209986
2024-02-19T15:32:08.952902253Z;eui-70b3d57ed00633b8;-49;13.25;24.92C,45.64%,997.07Pa
2024-02-19T15:33:15.098678914Z;eui-70b3d57ed00633b8;-49;13.75;24.85C,44.87%,997.00Pa
2024-02-19T15:34:21.224792609Z;eui-70b3d57ed00633b8;-48;14;24.85C,44.83%,997.00Pa
2024-02-19T15:35:27.357033817Z;eui-70b3d57ed00633b8;-51;9.75;24.84C,45.05%,997.00Pa
2024-02-19T15:36:32.629226781Z;eui-70b3d57ed00633b8;-45;10.5;24.75C,45.39%,997.03Pa
2024-02-19T15:37:38.740906277Z;eui-70b3d57ed00633b8;-47;13.75;24.76C,45.39%,997.03Pa
2024-02-19T15:40:14.518311830Z;eui-70b3d57ed00633b8;-53;13.5;50.302678,10.209727,261.900000
2024-02-19T15:41:19.673595929Z;eui-70b3d57ed00633b8;-51;10;50.302738,10.209932,247.300000
2024-02-19T15:42:25.785661493Z;eui-70b3d57ed00633b8;-48;13.5;24.73C,45.88%,996.96Pa
2024-02-19T15:43:31.928646384Z;eui-70b3d57ed00633b8;-52;11.75;24.73C,45.40%,996.96Pa
2024-02-19T15:44:38.050617047Z;eui-70b3d57ed00633b8;-54;13.25;24.74C,45.94%,996.96Pa
2024-02-19T15:45:44.185036368Z;eui-70b3d57ed00633b8;-51;13.25;24.75C,45.67%,996.95Pa
2024-02-19T15:46:50.311492325Z;eui-70b3d57ed00633b8;-52;13.5;24.76C,45.68%,996.95Pa
2024-02-19T15:47:56.450993052Z;eui-70b3d57ed00633b8;-52;14;24.77C,45.56%,996.94Pa
2024-02-19T15:49:02.566090290Z;eui-70b3d57ed00633b8;-52;13.5;24.90C,45.60%,996.97Pa
2024-02-19T15:50:08.697272294Z;eui-70b3d57ed00633b8;-52;14;24.88C,45.63%,996.94Pa
2024-02-19T15:51:14.833967257Z;eui-70b3d57ed00633b8;-51;10;24.88C,45.56%,996.93Pa
2024-02-19T15:52:20.955223655Z;eui-70b3d57ed00633b8;-52;13.5;24.87C,45.54%,996.92Pa
2024-02-19T15:53:27.103252876Z;eui-70b3d57ed00633b8;-53;13.5;24.88C,45.60%,996.92Pa
2024-02-19T15:54:33.216567084Z;eui-70b3d57ed00633b8;-53;11.5;24.88C,45.58%,996.92Pa
2024-02-19T15:55:39.360646125Z;eui-70b3d57ed00633b8;-56;13;24.88C,45.76%,996.92Pa
2024-02-19T15:56:45.481129299Z;eui-70b3d57ed00633b8;-52;13.5;24.88C,45.71%,996.92Pa
2024-02-19T15:57:51.613577090Z;eui-70b3d57ed00633b8;-54;13.25;24.88C,46.45%,996.92Pa
2024-02-19T15:58:57.752423897Z;eui-70b3d57ed00633b8;-55;13.5;24.88C,45.83%,996.93Pa
2024-02-19T16:00:03.877884241Z;eui-70b3d57ed00633b8;-51;10.25;24.91C,46.58%,996.99Pa
2024-02-19T16:01:10.003732608Z;eui-70b3d57ed00633b8;-53;13.5;24.91C,46.01%,996.99Pa
2024-02-19T16:02:16.127784357Z;eui-70b3d57ed00633b8;-50;13.75;24.90C,46.10%,996.99Pa
2024-02-19T16:03:22.256356319Z;eui-70b3d57ed00633b8;-52;11.5;24.90C,47.86%,996.98Pa
2024-02-19T16:04:28.395047236Z;eui-70b3d57ed00633b8;-44;13.25;24.86C,41.47%,996.98Pa
2024-02-19T16:05:34.512826377Z;eui-70b3d57ed00633b8;-53;13.75;22.91C,36.55%,997.04Pa
2024-02-19T16:06:40.650140799Z;eui-70b3d57ed00633b8;-48;13.5;22.69C,37.64%,997.06Pa
2024-02-19T16:07:46.779985511Z;eui-70b3d57ed00633b8;-51;11.5;22.46C,37.19%,997.10Pa
2024-02-19T16:08:52.911209236Z;eui-70b3d57ed00633b8;-49;13.75;22.44C,37.08%,997.08Pa
2024-02-19T16:09:59.030402351Z;eui-70b3d57ed00633b8;-49;13;22.47C,39.05%,997.07Pa
2024-02-19T16:11:05.162020458Z;eui-70b3d57ed00633b8;-47;11.5;22.51C,39.67%,997.06Pa
2024-02-19T16:12:11.290313841Z;eui-70b3d57ed00633b8;-48;13.75;23.41C,40.76%,996.87Pa
2024-02-19T16:13:17.420414841Z;eui-70b3d57ed00633b8;-48;13;23.62C,40.67%,996.91Pa
2024-02-19T16:14:23.563164525Z;eui-70b3d57ed00633b8;-57;12.25;23.73C,40.58%,996.83Pa
2024-02-19T16:15:29.683764412Z;eui-70b3d57ed00633b8;-52;14;23.93C,40.96%,996.85Pa
2024-02-19T16:16:35.821269875Z;eui-70b3d57ed00633b8;-65;14;23.93C,40.86%,996.85Pa
2024-02-19T16:17:41.941321292Z;eui-70b3d57ed00633b8;-58;13.75;23.95C,40.68%,996.85Pa
2024-02-19T16:18:48.087100446Z;eui-70b3d57ed00633b8;-55;13.5;24.33C,44.30%,996.93Pa
2024-02-19T16:19:54.454927180Z;eui-70b3d57ed00633b8;-54;13.5;24.31C,41.25%,996.87Pa
2024-02-19T16:21:00.331619630Z;eui-70b3d57ed00633b8;-53;11.75;24.31C,41.55%,996.87Pa
2024-02-19T16:22:06.466956960Z;eui-70b3d57ed00633b8;-55;10;24.32C,41.68%,996.87Pa
2024-02-19T16:23:12.589306759Z;eui-70b3d57ed00633b8;-54;13.25;24.33C,41.60%,996.88Pa
2024-02-19T16:24:18.729727518Z;eui-70b3d57ed00633b8;-52;14;24.51C,42.13%,996.93Pa
2024-02-19T16:25:24.861973365Z;eui-70b3d57ed00633b8;-48;14;24.48C,41.98%,996.84Pa
2024-02-19T16:26:30.995418858Z;eui-70b3d57ed00633b8;-53;13.5;24.50C,42.60%,996.79Pa
2024-02-19T16:27:37.115775262Z;eui-70b3d57ed00633b8;-48;10.75;24.50C,42.09%,996.79Pa
2024-02-19T16:28:43.076817865Z;eui-70b3d57ed00633b8;-47;11.75;;24.59;42.44;996.77;;;;
2024-02-19T16:29:49.194078152Z;eui-70b3d57ed00633b8;-45;13.25;;24.59;42.42;996.83;;;;
2024-02-19T16:43:41.043631135Z;eui-70b3d57ed00633b8;-43;14.75;;24.72;44.65;996.74;;;;
2024-02-21T16:52:08.664820894Z;eui-70b3d57ed00633b8;-59;13.5;;19.33;42.02;987.49;;;;
2024-02-21T16:58:02.324781633Z;eui-70b3d57ed00633b8;-62;13.5;;19.66;41.16;987.29;;;;
2024-02-21T16:59:08.445919344Z;eui-70b3d57ed00633b8;-63;13.5;;19.70;41.11;987.35;;;;
2024-02-21T17:00:14.576312364Z;eui-70b3d57ed00633b8;-61;14;;19.73;41.32;987.29;;;;
2024-02-21T17:01:20.726742376Z;eui-70b3d57ed00633b8;-65;13.5;;19.75;41.40;987.27;;;;
2024-02-21T17:02:26.834854501Z;eui-70b3d57ed00633b8;-46;13.25;;19.92;41.08;987.24;;;;
2024-02-21T17:03:32.972004221Z;eui-70b3d57ed00633b8;-46;13.5;;20.07;41.21;987.33;;;;
2024-02-21T17:04:39.115090627Z;eui-70b3d57ed00633b8;-43;9.25;;20.04;40.75;987.28;;;;
2024-02-21T17:05:45.246501873Z;eui-70b3d57ed00633b8;-46;11;;20.03;40.84;987.29;;;;
2024-02-21T17:06:51.365757929Z;eui-70b3d57ed00633b8;-46;13.75;;20.03;40.91;987.29;;;;
2024-02-21T17:07:52.141660774Z;eui-70b3d57ed00633b8;-40;13.25;;20.02;41.15;987.26;;;;
2024-02-21T17:12:46.723126556Z;eui-70b3d57ed00633b8;-42;13.5;;20.03;41.04;987.27;;;;
2024-02-21T17:13:52.872232871Z;eui-70b3d57ed00633b8;-43;13.75;;20.04;41.16;987.28;;;;
2024-02-21T17:14:58.993390608Z;eui-70b3d57ed00633b8;-42;13;;20.05;41.21;987.19;;;;
2024-02-21T17:19:22.994466768Z;eui-70b3d57ed00633b8;-41;14.75;1073502844;20.06;41.16;987.13;;;;
2024-02-21T17:22:34.919935402Z;eui-70b3d57ed00633b8;-41;11.75;1073502828;20.11;41.40;987.19;;;;
2024-02-21T17:23:41.064477934Z;eui-70b3d57ed00633b8;-39;13.25;1073502828;20.12;41.48;987.17;;;;
2024-02-21T17:24:47.228128367Z;eui-70b3d57ed00633b8;-37;13.5;1073502828;20.13;41.44;987.25;;;;
2024-02-21T17:25:53.368792965Z;eui-70b3d57ed00633b8;-39;13.25;1073502828;20.12;41.45;987.26;;;;
2024-02-21T17:26:59.519466627Z;eui-70b3d57ed00633b8;-43;13.5;1073502828;20.14;41.48;987.18;;;;
2024-02-21T17:31:15.089633450Z;eui-70b3d57ed00633b8;-41;14;1073502844;20.14;41.39;987.22;;;;
2024-02-21T17:36:46.622391576Z;eui-70b3d57ed00633b8;-44;14.5;11011;20.18;41.53;987.14;;;;
2024-02-21T17:38:19.266635310Z;eui-70b3d57ed00633b8;-42;13;11011;20.18;41.53;987.14;;;;
2024-02-21T17:39:34.090754321Z;eui-70b3d57ed00633b8;-44;13.25;11011;20.20;41.67;987.15;;;;
2024-02-21T17:40:40.234659805Z;eui-70b3d57ed00633b8;-45;13.75;11011;20.21;41.86;987.11;;;;
2024-02-21T17:45:01.145970771Z;eui-70b3d57ed00633b8;-42;10;11011;20.22;41.75;987.10;;;;
2024-02-21T17:46:33.784868681Z;eui-70b3d57ed00633b8;-45;10.5;11011;20.22;41.73;987.02;;;;
2024-02-21T17:47:39.916572342Z;eui-70b3d57ed00633b8;-44;13.25;11011;20.26;41.82;986.98;;;;
2024-02-21T17:57:49.449348973Z;eui-70b3d57ed00633b8;-45;13.5;11011;20.16;42.08;986.90;;;;
2024-02-21T17:58:55.602708036Z;eui-70b3d57ed00633b8;-45;12.75;11011;20.17;42.08;986.94;;;;
2024-02-21T18:03:40.316122636Z;eui-70b3d57ed00633b8;-41;14.5;11011;20.13;42.15;986.87;;;;
2024-02-21T18:05:01.760289905Z;eui-70b3d57ed00633b8;-40;11.5;11011;20.13;42.15;986.84;;;;
2024-02-21T18:06:07.892648750Z;eui-70b3d57ed00633b8;-40;13;11011;20.22;42.28;986.59;;;;
2024-02-21T18:07:28.306950828Z;eui-70b3d57ed00633b8;-45;13.5;11011;20.19;42.24;986.59;;;;
2024-02-21T18:08:43.131053738Z;eui-70b3d57ed00633b8;-45;13.75;11011;20.17;42.22;986.59;;;;
2024-02-21T18:09:49.274665080Z;eui-70b3d57ed00633b8;-48;13.5;11011;20.15;42.32;986.56;;;;
2024-02-21T18:10:55.416390862Z;eui-70b3d57ed00633b8;-43;13;11011;20.17;42.35;986.56;;;;
2024-02-21T18:12:00.735605216Z;eui-70b3d57ed00633b8;-46;10.5;11011;20.16;42.40;986.49;50.047230;10.206352;238.50;
2024-02-21T18:13:06.871191775Z;eui-70b3d57ed00633b8;-43;14;11011;20.14;42.45;986.51;;;;
2024-02-21T18:14:13.017185037Z;eui-70b3d57ed00633b8;-46;13.25;11011;20.15;42.52;986.49;;;;
2024-02-21T18:15:18.328740170Z;eui-70b3d57ed00633b8;-47;13.5;11011;20.14;42.48;986.45;50.047352;10.206205;235.60;
2024-02-21T18:16:24.482630817Z;eui-70b3d57ed00633b8;-47;11.5;11011;20.16;42.61;986.48;;;;
2024-02-21T18:17:30.619069410Z;eui-70b3d57ed00633b8;-46;13.5;11011;20.13;42.61;986.43;;;;
2024-02-21T18:18:36.768255058Z;eui-70b3d57ed00633b8;-49;12.75;11011;20.12;42.63;986.42;;;;
2024-02-21T18:19:42.912238132Z;eui-70b3d57ed00633b8;-48;13;11011;20.14;42.66;986.45;;;;
2024-02-21T18:20:49.041518446Z;eui-70b3d57ed00633b8;-48;13.25;11011;20.10;42.67;986.39;;;;
2024-02-21T18:21:55.195514996Z;eui-70b3d57ed00633b8;-50;14;11011;20.11;42.68;986.38;;;;
2024-02-21T18:23:01.320873689Z;eui-70b3d57ed00633b8;-45;13.25;11011;20.12;42.68;986.39;;;;
2024-02-21T18:24:07.465330588Z;eui-70b3d57ed00633b8;-43;13.25;11011;20.10;42.77;986.33;;;;
2024-02-21T18:25:13.606426998Z;eui-70b3d57ed00633b8;-45;13.75;11011;20.12;42.91;986.34;;;;
2024-02-21T18:26:19.754476951Z;eui-70b3d57ed00633b8;-46;10;11011;20.09;42.76;986.27;;;;
2024-02-21T18:27:25.062310247Z;eui-70b3d57ed00633b8;-50;10.75;11011;20.09;42.78;986.32;50.047218;10.206126;247.20;
2024-02-21T18:28:31.216195420Z;eui-70b3d57ed00633b8;-46;13.75;11011;20.10;42.87;986.30;;;;
2024-02-21T18:29:37.348961356Z;eui-70b3d57ed00633b8;-43;13.25;11011;20.09;42.85;986.23;;;;
2024-02-21T18:30:43.489152983Z;eui-70b3d57ed00633b8;-48;11.5;11011;20.08;42.82;986.28;;;;
2024-02-21T18:31:49.634928998Z;eui-70b3d57ed00633b8;-46;14;11011;20.08;42.91;986.13;;;;
2024-02-21T18:32:55.766771484Z;eui-70b3d57ed00633b8;-44;10.75;11011;20.10;42.83;986.14;;;;
2024-02-21T18:34:01.908705688Z;eui-70b3d57ed00633b8;-46;13.5;11011;20.10;42.85;986.14;;;;
2024-02-21T18:37:41.924358014Z;eui-70b3d57ed00633b8;-43;16.25;11011;20.12;42.85;986.15;;;;
2024-02-21T18:39:09.107898739Z;eui-70b3d57ed00633b8;-43;13.25;11011;20.13;42.83;986.17;;;;
2024-02-21T18:40:23.921986667Z;eui-70b3d57ed00633b8;-47;13.5;11011;20.11;42.88;986.24;;;;
2024-02-21T18:41:30.195690453Z;eui-70b3d57ed00633b8;-43;13.25;11011;20.11;42.94;986.16;;;;
2024-02-21T18:42:36.468999003Z;eui-70b3d57ed00633b8;-45;14;11011;20.11;42.90;986.13;;;;
2024-02-21T18:43:42.749399115Z;eui-70b3d57ed00633b8;-43;13.5;11011;20.10;42.88;986.11;;;;
2024-02-21T18:44:49.016283950Z;eui-70b3d57ed00633b8;-47;11.5;11011;20.11;42.97;986.11;;;;
2024-02-21T18:45:55.286105815Z;eui-70b3d57ed00633b8;-47;13.25;11011;20.12;42.89;986.07;;;;
2024-02-21T18:47:01.570953473Z;eui-70b3d57ed00633b8;-52;10;11011;20.14;42.77;985.99;;;;
2024-02-21T18:48:06.862159047Z;eui-70b3d57ed00633b8;-49;12.75;11011;20.10;42.86;986.03;;;;
2024-02-21T18:49:13.133066380Z;eui-70b3d57ed00633b8;-46;13.25;11011;20.11;42.73;986.08;;;;
2024-02-21T18:50:18.430262857Z;eui-70b3d57ed00633b8;-47;11.75;11011;20.13;43.06;986.07;;;;
2024-02-21T18:54:28.251001538Z;eui-70b3d57ed00633b8;-40;14.75;11011;20.13;42.86;986.11;;;;
2024-02-21T18:58:40.301905408Z;eui-70b3d57ed00633b8;-41;14.25;11011;20.15;42.69;986.09;;;;;;;
2024-02-21T19:04:04.870178249Z;eui-70b3d57ed00633b8;-45;14;11011;20.15;42.96;985.90;;;;42.00;5.00;40.20;33.69
2024-02-21T19:05:43.741881980Z;eui-70b3d57ed00633b8;-47;13.75;11011;20.15;42.98;985.95;;;;42.00;5.00;40.20;33.69
2024-02-21T19:06:50.047695732Z;eui-70b3d57ed00633b8;-48;13.5;11011;20.24;42.77;985.85;;;;42.00;5.00;40.20;33.69
2024-02-21T19:07:56.376812620Z;eui-70b3d57ed00633b8;-47;11.75;11011;20.20;42.98;985.86;;;;42.00;5.00;40.20;33.69
2024-02-21T19:09:02.698016149Z;eui-70b3d57ed00633b8;-45;13.75;11011;20.24;42.61;985.87;;;;42.00;5.00;40.20;33.69
2024-02-21T19:10:09.002060882Z;eui-70b3d57ed00633b8;-43;9;11011;20.18;42.98;985.76;;;;42.00;5.00;40.20;33.69
2024-02-21T19:11:15.324320764Z;eui-70b3d57ed00633b8;-46;13.5;11011;20.15;43.01;985.83;;;;42.00;5.00;40.20;33.69
2024-02-21T19:12:21.631538304Z;eui-70b3d57ed00633b8;-50;14;11011;20.16;42.70;985.79;;;;42.00;5.00;40.20;33.69
2024-02-21T19:13:27.964273058Z;eui-70b3d57ed00633b8;-45;13.5;11011;20.19;42.46;985.71;;;;42.00;5.00;40.20;33.69
2024-02-21T19:14:34.265019129Z;eui-70b3d57ed00633b8;-47;11.75;11011;20.17;42.97;985.72;;;;42.00;5.00;40.20;33.69
2024-02-21T19:15:40.589928313Z;eui-70b3d57ed00633b8;-43;13.5;11011;20.14;43.05;985.76;;;;42.00;5.00;40.20;33.69
2024-02-21T19:16:46.917393595Z;eui-70b3d57ed00633b8;-46;13.5;11011;20.11;40.90;985.71;;;;42.00;5.00;40.20;33.69
2024-02-21T19:17:53.227503670Z;eui-70b3d57ed00633b8;-47;11.5;11011;20.04;40.00;985.67;;;;42.00;5.00;40.20;33.69
2024-02-21T19:18:59.524257130Z;eui-70b3d57ed00633b8;-44;13.5;11011;20.02;40.45;985.73;;;;42.00;5.00;40.20;33.69
2024-02-21T19:20:05.848479519Z;eui-70b3d57ed00633b8;-45;14;11011;20.10;40.48;985.67;;;;42.00;5.00;40.20;33.69
2024-02-21T19:21:12.171163874Z;eui-70b3d57ed00633b8;-45;14.25;11011;20.08;40.51;985.57;;;;42.00;5.00;40.20;33.69
2024-02-21T19:22:18.476910610Z;eui-70b3d57ed00633b8;-46;13;11011;20.02;40.80;985.62;;;;42.00;5.00;40.20;33.69
2024-02-21T19:23:24.792481169Z;eui-70b3d57ed00633b8;-43;13.75;11011;19.97;41.11;985.63;;;;42.00;5.00;40.20;33.69
2024-02-21T19:27:43.002616228Z;eui-70b3d57ed00633b8;-40;12;11011;19.90;41.63;985.65;;;;42.00;5.00;40.20;33.69
2024-02-21T19:29:27.461882998Z;eui-70b3d57ed00633b8;-40;13.25;11011;19.89;41.66;985.61;;;;42.00;5.00;40.20;33.69
2024-02-21T19:30:45.505724581Z;eui-70b3d57ed00633b8;-43;13.5;11011;19.92;41.62;985.48;;;;42.00;5.00;40.20;33.69
2024-02-21T19:31:51.776396265Z;eui-70b3d57ed00633b8;-44;10.75;11011;19.97;41.46;985.53;;;;42.00;5.00;40.20;33.69
2024-02-21T19:32:58.091979238Z;eui-70b3d57ed00633b8;-46;13.5;11011;19.92;41.55;985.50;;;;42.00;5.00;40.20;33.69
2024-02-21T19:34:03.403239447Z;eui-70b3d57ed00633b8;-44;13.5;11011;19.89;41.53;985.55;;;;42.00;5.00;40.20;33.69
2024-02-21T19:35:09.706375703Z;eui-70b3d57ed00633b8;-47;11.5;11011;19.84;41.67;985.53;;;;42.00;5.00;40.20;33.69
2024-02-21T19:36:15.011684032Z;eui-70b3d57ed00633b8;-42;11;11011;19.80;41.73;985.48;;;;42.00;5.00;40.20;33.69
2024-02-21T19:37:21.306529445Z;eui-70b3d57ed00633b8;-45;13.5;11011;19.76;41.80;985.46;;;;42.00;5.00;40.20;33.69
2024-02-21T19:38:27.598810053Z;eui-70b3d57ed00633b8;-47;13.75;11011;19.66;42.11;985.42;;;;42.00;5.00;40.20;33.69
2024-02-21T19:39:33.879676287Z;eui-70b3d57ed00633b8;-47;13.75;11011;19.64;42.18;985.46;;;;42.00;5.00;40.20;33.69
2024-02-21T19:40:40.171305334Z;eui-70b3d57ed00633b8;-49;13.5;11011;19.59;42.19;985.43;;;;42.00;5.00;40.20;33.69
2024-02-21T19:41:46.475164138Z;eui-70b3d57ed00633b8;-52;13.5;11011;19.55;42.27;985.37;;;;42.00;5.00;40.20;33.69
2024-02-21T19:42:52.768489685Z;eui-70b3d57ed00633b8;-47;13.75;11011;19.51;42.28;985.27;;;;42.00;5.00;40.20;33.69
2024-02-21T19:43:59.062103805Z;eui-70b3d57ed00633b8;-48;11.75;11011;19.50;42.39;985.31;;;;42.00;5.00;40.20;33.69
2024-02-21T19:45:05.361736588Z;eui-70b3d57ed00633b8;-51;13.75;11011;19.47;42.44;985.30;;;;42.00;5.00;40.20;33.69
2024-02-21T19:49:50.317463515Z;eui-70b3d57ed00633b8;-51;13.25;11011;19.39;42.62;985.20;;;;42.00;5.00;40.20;33.69
2024-02-21T19:51:08.340911342Z;eui-70b3d57ed00633b8;-32;13.75;11011;19.39;42.61;985.11;;;;42.00;5.00;40.20;33.69
2024-02-21T19:52:26.349079158Z;eui-70b3d57ed00633b8;-34;14.25;11011;19.38;42.62;985.16;;;;42.00;5.00;40.20;33.69
2024-02-21T19:53:44.383800771Z;eui-70b3d57ed00633b8;-40;13.5;11011;19.44;42.58;985.06;;;;42.00;5.00;40.20;33.69
2024-02-21T19:55:02.403625345Z;eui-70b3d57ed00633b8;-41;13.25;11011;19.48;42.40;985.05;;;;42.00;5.00;40.20;33.69
2024-02-21T19:56:08.695975829Z;eui-70b3d57ed00633b8;-46;13.75;11011;19.47;42.30;984.99;;;;42.00;5.00;40.20;33.69
2024-02-21T19:57:14.995644836Z;eui-70b3d57ed00633b8;-58;13.75;11011;19.47;42.27;984.98;;;;42.00;5.00;40.20;33.69
2024-02-21T19:58:21.283264828Z;eui-70b3d57ed00633b8;-57;13.25;11011;19.38;42.48;984.97;;;;42.00;5.00;40.20;33.69
2024-02-21T19:59:26.594960638Z;eui-70b3d57ed00633b8;-58;11.5;11011;19.34;42.64;984.84;;;;42.00;5.00;40.20;33.69
2024-02-21T20:00:32.900070809Z;eui-70b3d57ed00633b8;-43;9.25;11011;19.32;42.65;984.92;;;;42.00;5.00;40.20;33.69
2024-02-21T20:01:39.180023271Z;eui-70b3d57ed00633b8;-42;13.25;11011;19.29;42.79;984.90;;;;42.00;5.00;40.20;33.69
2024-02-21T20:02:45.480963123Z;eui-70b3d57ed00633b8;-45;13.75;11011;19.33;42.75;984.91;;;;42.00;5.00;40.20;33.69
2024-02-21T20:03:51.790604007Z;eui-70b3d57ed00633b8;-42;13.5;11011;19.35;42.60;984.88;;;;42.00;5.00;40.20;33.69
2024-02-21T20:04:58.066930981Z;eui-70b3d57ed00633b8;-44;13.75;11011;19.39;42.45;984.96;;;;42.00;5.00;40.20;33.69
2024-02-21T20:06:04.366698098Z;eui-70b3d57ed00633b8;-46;8.75;11011;19.35;42.51;984.97;;;;42.00;5.00;40.20;33.69
2024-02-21T20:07:10.656509478Z;eui-70b3d57ed00633b8;-42;13.5;11011;19.41;42.50;984.86;;;;42.00;5.00;40.20;33.69
2024-02-21T20:08:16.940118157Z;eui-70b3d57ed00633b8;-45;13;11011;19.38;42.51;984.76;;;;42.00;5.00;40.20;33.69
2024-02-21T20:09:23.240723462Z;eui-70b3d57ed00633b8;-46;13.25;11011;19.39;42.37;984.77;;;;42.00;5.00;40.20;33.69
2024-02-21T20:10:29.523477138Z;eui-70b3d57ed00633b8;-43;13.5;11011;19.39;42.37;984.80;;;;42.00;5.00;40.20;33.69
2024-02-21T20:11:35.817937294Z;eui-70b3d57ed00633b8;-43;14;11011;19.42;42.45;984.74;;;;42.00;5.00;40.20;33.69
2024-02-21T20:12:42.115408219Z;eui-70b3d57ed00633b8;-44;11;11011;19.39;42.47;984.69;;;;42.00;5.00;40.20;33.69
2024-02-21T20:13:48.411525868Z;eui-70b3d57ed00633b8;-45;13.75;11011;19.40;42.47;984.66;;;;42.00;5.00;40.20;33.69
2024-02-21T20:14:54.714042652Z;eui-70b3d57ed00633b8;-44;13.5;11011;19.39;42.32;984.67;;;;42.00;5.00;40.20;33.69
2024-02-21T20:16:00.994778795Z;eui-70b3d57ed00633b8;-44;14;11011;19.37;42.49;984.60;;;;42.00;5.00;40.20;33.69
2024-02-21T20:17:07.288005340Z;eui-70b3d57ed00633b8;-46;13.5;11011;19.31;42.61;984.61;;;;42.00;5.00;40.20;33.69
2024-02-21T20:18:13.578218788Z;eui-70b3d57ed00633b8;-45;13.5;11011;19.34;42.52;984.57;;;;42.00;5.00;40.20;33.69
2024-02-22T10:27:34.431924487Z;eui-70b3d57ed00633b8;-49;14.75;11011;18.98;46.27;972.10;;;;42.00;5.00;40.20;33.69
2024-02-22T10:29:13.293410319Z;eui-70b3d57ed00633b8;-52;13.25;11011;18.99;46.21;972.05;;;;42.00;5.00;40.20;33.69
2024-02-22T10:30:19.588066832Z;eui-70b3d57ed00633b8;-49;11;11011;19.59;45.40;971.64;;;;42.00;5.00;40.20;33.69
2024-02-22T10:31:24.896409733Z;eui-70b3d57ed00633b8;-50;13.75;11011;19.66;45.04;971.53;;;;42.00;5.00;40.20;33.69
2024-02-22T10:32:31.191966076Z;eui-70b3d57ed00633b8;-49;13.5;11011;19.74;44.77;971.55;;;;42.00;5.00;40.20;33.69
2024-02-22T10:33:37.494648470Z;eui-70b3d57ed00633b8;-55;10.75;11011;19.76;44.49;971.58;;;;42.00;5.00;40.20;33.69
2024-02-22T10:34:43.786969805Z;eui-70b3d57ed00633b8;-54;13.5;11011;19.80;44.41;971.52;;;;42.00;5.00;40.20;33.69
2024-02-22T10:35:50.084532080Z;eui-70b3d57ed00633b8;-54;13.75;11011;19.82;44.43;971.53;;;;42.00;5.00;40.20;33.69
2024-02-22T10:36:56.380557407Z;eui-70b3d57ed00633b8;-48;11.75;11011;19.77;44.36;971.50;;;;42.00;5.00;40.20;33.69
2024-02-22T10:38:02.658274308Z;eui-70b3d57ed00633b8;-50;13.5;11011;19.85;44.54;971.52;;;;42.00;5.00;40.20;33.69
2024-02-22T10:39:08.952685541Z;eui-70b3d57ed00633b8;-48;13.5;11011;19.98;44.03;971.48;;;;42.00;5.00;40.20;33.69
2024-02-22T10:40:15.245485656Z;eui-70b3d57ed00633b8;-48;13.5;11011;20.10;43.86;971.45;;;;42.00;5.00;40.20;33.69
2024-02-22T10:41:21.537147785Z;eui-70b3d57ed00633b8;-49;14;11011;20.12;43.53;971.34;;;;42.00;5.00;40.20;33.69
2024-02-22T10:42:27.834743095Z;eui-70b3d57ed00633b8;-54;11.5;11011;20.15;43.50;971.37;;;;42.00;5.00;40.20;33.69
2024-02-22T10:43:34.135951204Z;eui-70b3d57ed00633b8;-56;14.25;11011;20.18;43.60;971.32;;;;42.00;5.00;40.20;33.69
2024-02-22T10:44:40.421934024Z;eui-70b3d57ed00633b8;-56;13.25;11011;20.17;43.51;971.38;;;;42.00;5.00;40.20;33.69
2024-02-22T10:45:46.725922931Z;eui-70b3d57ed00633b8;-52;13.75;11011;20.18;43.47;971.31;;;;42.00;5.00;40.20;33.69
2024-02-22T10:46:53.005488222Z;eui-70b3d57ed00633b8;-50;13.75;11011;20.18;43.45;971.32;;;;42.00;5.00;40.20;33.69
2024-02-22T10:47:59.316351017Z;eui-70b3d57ed00633b8;-52;13.5;11011;20.19;43.42;971.25;;;;42.00;5.00;40.20;33.69
2024-02-22T10:49:05.590572561Z;eui-70b3d57ed00633b8;-51;10.5;11011;20.19;43.45;971.25;;;;42.00;5.00;40.20;33.69
2024-02-22T10:50:11.895482848Z;eui-70b3d57ed00633b8;-56;8.5;11011;20.18;43.51;971.28;;;;42.00;5.00;40.20;33.69
2024-02-22T10:51:18.193098813Z;eui-70b3d57ed00633b8;-54;13.25;11011;20.15;43.39;971.18;;;;42.00;5.00;40.20;33.69
2024-02-22T10:52:24.484245221Z;eui-70b3d57ed00633b8;-53;13.5;11011;20.12;43.51;971.16;;;;42.00;5.00;40.20;33.69
2024-02-22T10:53:30.773509334Z;eui-70b3d57ed00633b8;-51;13.5;11011;20.16;43.42;971.22;;;;42.00;5.00;40.20;33.69
2024-02-22T10:54:37.079001900Z;eui-70b3d57ed00633b8;-53;11.5;11011;20.17;43.42;971.19;;;;42.00;5.00;40.20;33.69
2024-02-22T10:55:43.356075406Z;eui-70b3d57ed00633b8;-56;14.5;11011;20.14;43.38;971.22;;;;42.00;5.00;40.20;33.69
2024-02-22T10:56:49.664658596Z;eui-70b3d57ed00633b8;-57;11.25;11011;20.14;43.42;971.14;;;;42.00;5.00;40.20;33.69
2024-02-22T10:57:55.949220141Z;eui-70b3d57ed00633b8;-55;13.25;11011;20.14;43.45;971.09;;;;42.00;5.00;40.20;33.69
2024-02-22T10:59:02.248658597Z;eui-70b3d57ed00633b8;-53;13.25;11011;20.15;43.24;971.11;;;;42.00;5.00;40.20;33.69
2024-02-22T11:00:08.541126853Z;eui-70b3d57ed00633b8;-66;13.5;11011;20.16;43.28;971.18;;;;42.00;5.00;40.20;33.69
2024-02-22T11:01:14.833898496Z;eui-70b3d57ed00633b8;-82;11.5;11011;19.99;43.68;971.12;;;;42.00;5.00;40.20;33.69
2024-02-22T11:02:21.128561910Z;eui-70b3d57ed00633b8;-52;9.75;11011;19.84;44.38;971.07;;;;42.00;5.00;40.20;33.69
2024-02-22T11:03:27.420909287Z;eui-70b3d57ed00633b8;-56;13.5;11011;19.83;44.25;971.06;;;;42.00;5.00;40.20;33.69
2024-02-22T11:04:33.718155537Z;eui-70b3d57ed00633b8;-53;14;11011;19.90;44.05;971.02;;;;42.00;5.00;40.20;33.69
2024-02-22T11:05:40.001030961Z;eui-70b3d57ed00633b8;-57;13.25;11011;19.93;44.25;971.04;;;;42.00;5.00;40.20;33.69
2024-02-22T11:06:46.311887971Z;eui-70b3d57ed00633b8;-65;13.5;11011;19.87;44.24;970.99;;;;42.00;5.00;40.20;33.69
2024-02-22T11:07:52.587324182Z;eui-70b3d57ed00633b8;-64;10;11011;19.83;44.32;970.95;;;;42.00;5.00;40.20;33.69
2024-02-22T11:08:58.879232388Z;eui-70b3d57ed00633b8;-65;13.5;11011;19.81;44.15;970.91;;;;42.00;5.00;40.20;33.69
2024-02-22T11:10:05.180001936Z;eui-70b3d57ed00633b8;-58;14;11011;19.82;43.87;970.91;;;;42.00;5.00;40.20;33.69
2024-02-22T11:11:11.483210298Z;eui-70b3d57ed00633b8;-63;11.25;11011;19.88;43.74;970.84;;;;42.00;5.00;40.20;33.69
2024-02-22T11:12:17.765446743Z;eui-70b3d57ed00633b8;-63;13;11011;19.89;44.01;970.86;;;;42.00;5.00;40.20;33.69
2024-02-22T11:16:18.320537711Z;eui-70b3d57ed00633b8;-57;15.75;11011;19.87;43.86;970.77;;;;42.00;5.00;40.20;33.69
2024-02-22T11:17:45.985143189Z;eui-70b3d57ed00633b8;-55;14;11011;19.86;43.85;970.79;;;;42.00;5.00;40.20;33.69
2024-02-22T11:19:03.075718429Z;eui-70b3d57ed00633b8;-55;13.25;11011;20.04;43.92;970.79;50.047283;10.206152;206.90;42.00;5.00;40.20;33.69
2024-02-22T11:20:24.626709897Z;eui-70b3d57ed00633b8;-62;13.25;11011;19.90;44.00;970.72;;;;42.00;5.00;40.20;33.69
2024-02-22T11:21:30.921563189Z;eui-70b3d57ed00633b8;-59;10;11011;19.92;44.06;970.70;;;;42.00;5.00;40.20;33.69
2024-02-22T11:22:37.220302606Z;eui-70b3d57ed00633b8;-64;13.25;11011;19.92;43.70;970.67;;;;42.00;5.00;40.20;33.69
2024-02-22T11:23:43.507096263Z;eui-70b3d57ed00633b8;-71;13.25;11011;19.87;43.87;970.64;;;;42.00;5.00;40.20;33.69
2024-02-22T11:24:49.812558055Z;eui-70b3d57ed00633b8;-61;11.5;11011;19.90;43.87;970.66;;;;42.00;5.00;40.20;33.69
2024-02-22T11:25:56.094436597Z;eui-70b3d57ed00633b8;-58;13;11011;19.91;43.96;970.69;;;;42.00;5.00;40.20;33.69
2024-02-22T11:27:02.393936894Z;eui-70b3d57ed00633b8;-62;11.25;11011;19.88;43.87;970.63;;;;42.00;5.00;40.20;33.69
2024-02-22T11:28:08.692311141Z;eui-70b3d57ed00633b8;-59;13.25;11011;19.94;43.58;970.63;;;;42.00;5.00;40.20;33.69
2024-02-22T11:29:14.991978811Z;eui-70b3d57ed00633b8;-56;13.75;11011;19.93;43.96;970.56;;;;42.00;5.00;40.20;33.69
2024-02-22T11:30:21.274348282Z;eui-70b3d57ed00633b8;-57;13.25;11011;19.93;43.59;970.56;;;;42.00;5.00;40.20;33.69
2024-02-22T11:31:27.574592774Z;eui-70b3d57ed00633b8;-58;14;11011;19.61;44.47;970.62;;;;42.00;5.00;40.20;33.69
2024-02-22T11:32:33.855984014Z;eui-70b3d57ed00633b8;-60;13.25;11011;19.56;45.01;970.51;;;;42.00;5.00;40.20;33.69
2024-02-22T11:33:40.151756513Z;eui-70b3d57ed00633b8;-61;13.75;11011;19.62;44.87;970.42;;;;42.00;5.00;40.20;33.69
2024-02-22T11:34:46.447277421Z;eui-70b3d57ed00633b8;-58;13.75;11011;19.69;44.78;970.35;;;;42.00;5.00;40.20;33.69
2024-02-22T11:35:52.743489166Z;eui-70b3d57ed00633b8;-57;13.5;11011;19.77;44.65;970.26;;;;42.00;5.00;40.20;33.69
2024-02-22T11:36:59.039174174Z;eui-70b3d57ed00633b8;-55;11.25;11011;19.89;44.42;970.22;;;;42.00;5.00;40.20;33.69
2024-02-22T11:38:05.343009646Z;eui-70b3d57ed00633b8;-72;10.5;11011;19.97;44.26;970.14;;;;42.00;5.00;40.20;33.69
2024-02-22T11:39:11.622699165Z;eui-70b3d57ed00633b8;-74;12.25;11011;19.95;44.10;970.18;;;;42.00;5.00;40.20;33.69
2024-02-22T11:40:16.982600288Z;eui-70b3d57ed00633b8;-69;12.75;11011;20.00;44.11;970.14;50.047337;10.206036;202.30;42.00;5.00;40.20;33.69
2024-02-22T11:41:23.287886864Z;eui-70b3d57ed00633b8;-62;13;11011;19.98;43.82;970.08;;;;42.00;5.00;40.20;33.69
2024-02-22T11:42:29.571263302Z;eui-70b3d57ed00633b8;-63;11.5;11011;20.03;43.70;970.08;;;;42.00;5.00;40.20;33.69
2024-02-22T11:43:35.862302847Z;eui-70b3d57ed00633b8;-62;12.5;11011;20.06;43.57;970.08;;;;42.00;5.00;40.20;33.69
2024-02-22T11:44:42.160520509Z;eui-70b3d57ed00633b8;-65;9.5;11011;20.05;43.76;970.08;;;;42.00;5.00;40.20;33.69
2024-02-22T11:45:48.448490889Z;eui-70b3d57ed00633b8;-54;13.5;11011;20.07;43.60;970.06;;;;42.00;5.00;40.20;33.69
2024-02-22T11:46:54.746842397Z;eui-70b3d57ed00633b8;-60;14.25;11011;20.11;43.45;970.07;;;;42.00;5.00;40.20;33.69
2024-02-22T11:48:01.044710288Z;eui-70b3d57ed00633b8;-62;12.75;11011;20.14;43.60;970.01;;;;42.00;5.00;40.20;33.69
2024-02-22T11:49:06.407536400Z;eui-70b3d57ed00633b8;-57;14.25;11011;20.12;43.21;969.97;50.047295;10.206140;243.00;42.00;5.00;40.20;33.69
2024-02-22T11:50:12.684170153Z;eui-70b3d57ed00633b8;-61;12.75;11011;20.09;43.66;969.99;;;;42.00;5.00;40.20;33.69
2024-02-22T11:51:18.982955136Z;eui-70b3d57ed00633b8;-61;9.75;11011;20.14;43.70;969.90;;;;42.00;5.00;40.20;33.69
2024-02-22T11:52:25.277067124Z;eui-70b3d57ed00633b8;-64;13.25;11011;20.12;43.96;969.82;;;;42.00;5.00;40.20;33.69
2024-02-22T11:53:30.636093668Z;eui-70b3d57ed00633b8;-64;13.5;11011;20.05;44.30;969.87;50.047325;10.205950;247.40;42.00;5.00;40.20;33.69
2024-02-22T11:54:36.927220703Z;eui-70b3d57ed00633b8;-60;13.5;11011;20.15;44.09;969.81;;;;42.00;5.00;40.20;33.69
2024-02-22T11:55:43.226254093Z;eui-70b3d57ed00633b8;-61;12.75;11011;20.17;43.91;969.80;;;;42.00;5.00;40.20;33.69
2024-02-22T11:56:49.504348643Z;eui-70b3d57ed00633b8;-64;11.5;11011;20.22;44.22;969.75;;;;42.00;5.00;40.20;33.69
2024-02-22T11:57:55.808304184Z;eui-70b3d57ed00633b8;-65;13.5;11011;20.25;44.31;969.71;;;;42.00;5.00;40.20;33.69
2024-02-22T11:59:02.102368389Z;eui-70b3d57ed00633b8;-63;13;11011;20.24;44.53;969.75;;;;42.00;5.00;40.20;33.69
2024-02-22T12:00:08.403156743Z;eui-70b3d57ed00633b8;-57;13.5;11011;20.24;44.10;969.75;;;;42.00;5.00;40.20;33.69
2024-02-22T12:01:14.685054817Z;eui-70b3d57ed00633b8;-67;13.75;11011;20.28;44.16;969.66;;;;42.00;5.00;40.20;33.69
2024-02-22T12:02:20.969157475Z;eui-70b3d57ed00633b8;-65;9.5;11011;20.27;43.81;969.61;;;;42.00;5.00;40.20;33.69
2024-02-22T12:03:27.272926949Z;eui-70b3d57ed00633b8;-62;13;11011;20.26;43.65;969.60;;;;42.00;5.00;40.20;33.69
2024-02-22T12:04:33.560410751Z;eui-70b3d57ed00633b8;-60;12.25;11011;20.29;43.93;969.60;;;;42.00;5.00;40.20;33.69
2024-02-22T12:05:39.859795419Z;eui-70b3d57ed00633b8;-66;13.5;11011;20.32;43.93;969.50;;;;42.00;5.00;40.20;33.69
