date;device-id;rssi;snr;status;temperature;humidity;pressure;latitude;longitude;altitude;battery;ph;soilMoisture;leafMoisture
2024-02-22T12:16:41.857612139Z;eui-70b3d57ed00633b8;-61;13.5;11011;20.50;43.52;969.05;;;;42.00;5.00;40.20;33.69
2024-02-22T12:17:48.149741018Z;eui-70b3d57ed00633b8;-58;11.5;11011;20.50;43.52;969.10;;;;42.00;5.00;40.20;33.69
2024-02-22T12:20:00.740953822Z;eui-70b3d57ed00633b8;-60;13;11011;20.54;43.51;969.00;;;;42.00;5.00;40.20;33.69
2024-02-22T12:21:06.075073110Z;eui-70b3d57ed00633b8;-56;13.25;11011;20.52;43.49;969.00;;;;42.00;5.00;40.20;33.69
2024-02-22T12:22:11.390505472Z;eui-70b3d57ed00633b8;-59;14;11011;20.58;43.34;968.96;;;;42.00;5.00;40.20;33.69
2024-02-22T12:23:17.684441272Z;eui-70b3d57ed00633b8;-57;13.75;11011;20.61;43.47;968.93;;;;42.00;5.00;40.20;33.69
2024-02-22T12:24:23.016850608Z;eui-70b3d57ed00633b8;-54;13;11011;20.59;43.45;968.91;50.047363;10.206038;247.30;42.00;5.00;40.20;33.69
2024-02-22T12:25:29.323319782Z;eui-70b3d57ed00633b8;-58;11.75;11011;20.50;43.68;968.86;;;;42.00;5.00;40.20;33.69
2024-02-22T12:26:35.613067187Z;eui-70b3d57ed00633b8;-58;13.75;11011;20.63;43.63;968.83;;;;42.00;5.00;40.20;33.69
2024-02-22T12:27:41.917048525Z;eui-70b3d57ed00633b8;-58;14;11011;20.65;43.63;968.78;;;;42.00;5.00;40.20;33.69
2024-02-22T12:28:48.213670318Z;eui-70b3d57ed00633b8;-56;10.75;11011;20.75;43.48;968.74;;;;42.00;5.00;40.20;33.69
2024-02-22T12:29:54.504778043Z;eui-70b3d57ed00633b8;-53;13.5;11011;20.75;42.92;968.63;;;;42.00;5.00;40.20;33.69
2024-02-22T12:31:00.811052762Z;eui-70b3d57ed00633b8;-53;13.25;11011;20.78;43.00;968.65;;;;42.00;5.00;40.20;33.69
2024-02-22T12:32:07.084346402Z;eui-70b3d57ed00633b8;-56;9.25;11011;20.81;42.90;968.57;;;;42.00;5.00;40.20;33.69
2024-02-22T12:33:13.371137795Z;eui-70b3d57ed00633b8;-53;13.5;11011;20.81;42.96;968.57;;;;42.00;5.00;40.20;33.69
2024-02-22T12:34:18.707204238Z;eui-70b3d57ed00633b8;-56;13.75;11011;20.81;42.95;968.56;;;;42.00;5.00;40.20;33.69
2024-02-22T12:35:24.997398065Z;eui-70b3d57ed00633b8;-60;13.5;11011;20.84;43.08;968.51;;;;42.00;5.00;40.20;33.69
2024-02-22T12:36:31.295663792Z;eui-70b3d57ed00633b8;-52;13.25;11011;20.87;43.15;968.41;;;;42.00;5.00;40.20;33.69
2024-02-22T12:37:37.590037565Z;eui-70b3d57ed00633b8;-53;13.5;11011;20.82;42.91;968.46;;;;42.00;5.00;40.20;33.69
2024-02-22T12:38:43.868760687Z;eui-70b3d57ed00633b8;-53;13.5;11011;20.85;42.82;968.39;;;;42.00;5.00;40.20;33.69
2024-02-22T12:39:50.166658883Z;eui-70b3d57ed00633b8;-52;11;11011;20.89;42.70;968.40;;;;42.00;5.00;40.20;33.69
2024-02-22T12:40:56.459333373Z;eui-70b3d57ed00633b8;-56;14.25;11011;20.92;43.03;968.13;;;;42.00;5.00;40.20;33.69
2024-02-22T12:42:02.759461737Z;eui-70b3d57ed00633b8;-58;13.75;11011;20.94;42.58;968.29;;;;42.00;5.00;40.20;33.69
2024-02-22T12:43:09.046105799Z;eui-70b3d57ed00633b8;-58;12.5;11011;20.92;42.88;968.32;;;;42.00;5.00;40.20;33.69
2024-02-22T12:44:15.350217558Z;eui-70b3d57ed00633b8;-58;13;11011;20.94;42.66;968.24;;;;42.00;5.00;40.20;33.69
2024-02-22T12:45:21.631175646Z;eui-70b3d57ed00633b8;-59;14.25;11011;20.96;42.86;968.17;;;;42.00;5.00;40.20;33.69
2024-02-22T12:46:27.926098470Z;eui-70b3d57ed00633b8;-56;13.75;11011;20.98;42.70;968.28;;;;42.00;5.00;40.20;33.69
2024-02-22T12:47:34.224216710Z;eui-70b3d57ed00633b8;-57;10.5;11011;20.99;42.63;968.37;;;;42.00;5.00;40.20;33.69
2024-02-22T12:52:17.437446910Z;eui-70b3d57ed00633b8;-53;15.75;11011;21.01;42.58;968.33;;;;42.00;5.00;40.20;33.69
2024-02-22T12:54:01.909532406Z;eui-70b3d57ed00633b8;-57;13.25;11011;21.00;42.61;968.34;;;;42.00;5.00;40.20;33.69
2024-02-22T12:55:08.192706941Z;eui-70b3d57ed00633b8;-56;13.25;11011;21.05;42.47;968.18;;;;42.00;5.00;40.20;33.69
2024-02-22T12:56:13.645542550Z;eui-70b3d57ed00633b8;-54;11.25;11011;21.09;42.84;968.20;;;;42.00;5.00;40.20;33.69
2024-02-22T12:57:19.931649256Z;eui-70b3d57ed00633b8;-53;13.5;11011;21.09;42.59;968.20;;;;42.00;5.00;40.20;33.69
2024-02-22T12:58:26.233530494Z;eui-70b3d57ed00633b8;-53;14;11011;21.10;42.73;968.21;;;;42.00;5.00;40.20;33.69
2024-02-22T12:59:32.519664558Z;eui-70b3d57ed00633b8;-57;13.25;11011;21.11;42.77;968.06;;;;42.00;5.00;40.20;33.69
2024-02-22T13:00:38.825453297Z;eui-70b3d57ed00633b8;-53;13.5;11011;21.09;42.63;967.96;;;;42.00;5.00;40.20;33.69
2024-02-22T13:01:45.113235036Z;eui-70b3d57ed00633b8;-58;10.75;11011;21.09;42.69;968.00;;;;42.00;5.00;40.20;33.69
2024-02-22T13:02:51.403035543Z;eui-70b3d57ed00633b8;-56;13.75;11011;21.13;42.94;968.04;;;;42.00;5.00;40.20;33.69
2024-02-22T13:03:57.698081522Z;eui-70b3d57ed00633b8;-58;13.25;11011;21.12;42.95;968.02;;;;42.00;5.00;40.20;33.69
2024-02-22T13:05:03.989854611Z;eui-70b3d57ed00633b8;-54;13.25;11011;21.12;42.98;968.02;;;;42.00;5.00;40.20;33.69
2024-02-22T13:06:10.300273627Z;eui-70b3d57ed00633b8;-57;13.25;11011;21.13;43.04;967.97;;;;42.00;5.00;40.20;33.69
2024-02-22T13:10:30.692720564Z;eui-70b3d57ed00633b8;-56;14.75;11011;21.14;42.59;968.01;;;;42.00;5.00;40.20;33.69
2024-02-22T13:11:58.366627448Z;eui-70b3d57ed00633b8;-48;13.25;11011;21.14;42.62;968.05;;;;42.00;5.00;40.20;33.69
2024-02-22T13:13:27.612668896Z;eui-70b3d57ed00633b8;-57;10;11011;21.14;42.88;967.98;50.047256;10.205847;216.90;42.00;5.00;40.20;33.69
2024-02-22T13:14:33.947478776Z;eui-70b3d57ed00633b8;-52;13.25;11011;21.13;42.94;967.89;50.046936;10.206059;180.00;42.00;5.00;40.20;33.69
2024-02-22T13:15:40.275569684Z;eui-70b3d57ed00633b8;-56;13.5;11011;21.10;42.71;967.92;50.046833;10.206154;178.30;42.00;5.00;40.20;33.69
2024-02-22T13:16:46.615353758Z;eui-70b3d57ed00633b8;-55;10;11011;21.18;42.68;967.96;50.047100;10.206106;206.50;42.00;5.00;40.20;33.69
2024-02-22T13:17:52.959796914Z;eui-70b3d57ed00633b8;-58;13.5;11011;21.14;43.13;967.93;50.047264;10.206051;232.20;42.00;5.00;40.20;33.69
2024-02-22T13:18:59.274867262Z;eui-70b3d57ed00633b8;-58;14;11011;21.11;42.66;967.90;50.047279;10.206062;249.00;42.00;5.00;40.20;33.69
2024-02-22T13:20:05.604791114Z;eui-70b3d57ed00633b8;-59;14.25;11011;21.18;42.68;967.96;50.047195;10.206041;245.60;42.00;5.00;40.20;33.69
2024-02-22T13:21:11.955408834Z;eui-70b3d57ed00633b8;-60;11;11011;21.12;42.82;967.93;50.047234;10.206041;242.00;42.00;5.00;40.20;33.69
2024-02-22T13:22:18.274832640Z;eui-70b3d57ed00633b8;-57;13.75;11011;21.17;42.75;967.92;50.047211;10.206074;232.50;42.00;5.00;40.20;33.69
2024-02-22T13:23:24.612692996Z;eui-70b3d57ed00633b8;-60;13.25;11011;21.17;42.75;967.85;50.047218;10.206171;216.30;42.00;5.00;40.20;33.69
2024-02-22T13:24:30.945122475Z;eui-70b3d57ed00633b8;-59;9.5;11011;21.13;42.68;967.91;50.047199;10.206130;241.40;42.00;5.00;40.20;33.69
2024-02-22T13:25:37.292457797Z;eui-70b3d57ed00633b8;-57;13.5;11011;21.15;42.85;967.89;50.047192;10.206072;235.10;42.00;5.00;40.20;33.69
2024-02-22T13:26:43.613151209Z;eui-70b3d57ed00633b8;-55;13.25;11011;21.13;42.77;967.85;50.047192;10.206059;226.10;42.00;5.00;40.20;33.69
2024-02-22T13:27:49.958062383Z;eui-70b3d57ed00633b8;-57;14;11011;21.17;43.05;967.89;50.047230;10.206043;247.70;42.00;5.00;40.20;33.69
2024-02-22T13:32:08.923578772Z;eui-70b3d57ed00633b8;-61;10.25;11011;21.07;43.09;967.80;;;;42.00;5.00;40.20;33.69
2024-02-22T13:33:58.999176297Z;eui-70b3d57ed00633b8;-65;14.25;11011;21.08;43.10;967.89;;;;42.00;5.00;40.20;33.69
2024-02-22T13:35:05.282708465Z;eui-70b3d57ed00633b8;-63;13.5;11011;21.17;43.01;967.73;;;;42.00;5.00;40.20;33.69
2024-02-22T13:36:11.591940731Z;eui-70b3d57ed00633b8;-62;13.5;11011;21.19;42.95;967.72;;;;42.00;5.00;40.20;33.69
2024-02-22T13:37:17.870439066Z;eui-70b3d57ed00633b8;-68;11;11011;21.17;42.94;967.73;;;;42.00;5.00;40.20;33.69
2024-02-22T13:39:30.448783509Z;eui-70b3d57ed00633b8;-69;10.5;11011;21.15;42.92;967.75;;;;42.00;5.00;40.20;33.69
2024-02-22T13:40:36.761569358Z;eui-70b3d57ed00633b8;-69;13.5;11011;21.16;43.18;967.74;;;;42.00;5.00;40.20;33.69
2024-02-22T13:41:43.054041885Z;eui-70b3d57ed00633b8;-60;14;11011;21.16;42.73;967.72;;;;42.00;5.00;40.20;33.69
2024-02-22T13:42:49.347874320Z;eui-70b3d57ed00633b8;-60;13.75;11011;21.14;42.92;967.73;;;;42.00;5.00;40.20;33.69
2024-02-22T13:43:55.639886616Z;eui-70b3d57ed00633b8;-59;10.75;11011;21.16;42.91;967.58;;;;42.00;5.00;40.20;33.69
2024-02-22T13:48:17.741252014Z;eui-70b3d57ed00633b8;-54;14.5;11011;21.12;43.79;967.65;;;;42.00;5.00;40.20;33.69
2024-02-22T13:49:45.416215018Z;eui-70b3d57ed00633b8;-48;11.75;11011;21.11;43.54;967.71;;;;42.00;5.00;40.20;33.69
2024-02-22T13:50:50.868389592Z;eui-70b3d57ed00633b8;-52;14;11011;21.10;43.42;967.69;;;;42.00;5.00;40.20;33.69
2024-02-22T13:52:14.491830151Z;eui-70b3d57ed00633b8;-59;13.75;11011;20.90;44.20;967.45;;;;42.00;5.00;40.20;33.69
2024-02-22T13:53:20.782447354Z;eui-70b3d57ed00633b8;-61;10.25;11011;21.06;43.54;967.26;;;;42.00;5.00;40.20;33.69
2024-02-22T13:54:27.089259275Z;eui-70b3d57ed00633b8;-60;13.75;11011;21.08;43.49;967.24;;;;42.00;5.00;40.20;33.69
2024-02-22T13:55:33.381417773Z;eui-70b3d57ed00633b8;-57;13.5;11011;21.06;43.61;967.28;;;;42.00;5.00;40.20;33.69
2024-02-22T13:56:39.676958347Z;eui-70b3d57ed00633b8;-60;13.75;11011;21.07;43.37;967.33;;;;42.00;5.00;40.20;33.69
2024-02-22T13:57:45.956710004Z;eui-70b3d57ed00633b8;-60;14;11011;21.07;43.19;967.33;;;;42.00;5.00;40.20;33.69
2024-02-22T13:58:52.265978067Z;eui-70b3d57ed00633b8;-60;14;11011;21.13;43.06;967.32;;;;42.00;5.00;40.20;33.69
2024-02-22T13:59:58.553791278Z;eui-70b3d57ed00633b8;-60;14;11011;21.09;42.81;967.28;;;;42.00;5.00;40.20;33.69
2024-02-22T14:01:04.847267258Z;eui-70b3d57ed00633b8;-60;13.5;11011;21.09;43.49;967.28;;;;42.00;5.00;40.20;33.69
2024-02-22T14:02:11.141202275Z;eui-70b3d57ed00633b8;-58;13.75;11011;21.13;43.10;967.31;;;;42.00;5.00;40.20;33.69
2024-02-22T14:03:17.437461894Z;eui-70b3d57ed00633b8;-60;10.5;11011;21.16;42.90;967.32;;;;42.00;5.00;40.20;33.69
2024-02-22T14:04:23.734284099Z;eui-70b3d57ed00633b8;-60;11.5;11011;21.18;43.14;967.30;;;;42.00;5.00;40.20;33.69
2024-02-22T14:05:30.011929906Z;eui-70b3d57ed00633b8;-62;13.25;11011;21.04;43.41;967.31;;;;42.00;5.00;40.20;33.69
2024-02-22T14:06:36.312757874Z;eui-70b3d57ed00633b8;-63;11.25;11011;21.07;43.66;967.25;;;;42.00;5.00;40.20;33.69
2024-02-22T14:07:42.605651134Z;eui-70b3d57ed00633b8;-60;13.5;11011;21.16;43.26;967.20;;;;42.00;5.00;40.20;33.69
2024-02-22T14:08:48.898613847Z;eui-70b3d57ed00633b8;-54;11.5;11011;21.11;43.11;967.18;;;;42.00;5.00;40.20;33.69
2024-02-22T14:09:55.193702342Z;eui-70b3d57ed00633b8;-59;13.75;11011;21.20;43.07;967.03;;;;42.00;5.00;40.20;33.69
2024-02-22T14:11:01.484047753Z;eui-70b3d57ed00633b8;-63;13.25;11011;21.27;42.75;967.14;;;;42.00;5.00;40.20;33.69
2024-02-22T14:12:07.784511046Z;eui-70b3d57ed00633b8;-56;13.75;11011;21.26;43.11;967.13;;;;42.00;5.00;40.20;33.69
2024-02-22T14:13:14.076095910Z;eui-70b3d57ed00633b8;-61;13.25;11011;21.28;42.65;967.00;;;;42.00;5.00;40.20;33.69
2024-02-22T14:14:20.365431008Z;eui-70b3d57ed00633b8;-63;13.5;11011;21.32;42.72;966.96;;;;42.00;5.00;40.20;33.69
2024-02-22T14:15:26.663741944Z;eui-70b3d57ed00633b8;-55;10.25;11011;21.31;42.58;966.97;;;;42.00;5.00;40.20;33.69
2024-02-22T14:16:32.959954291Z;eui-70b3d57ed00633b8;-57;11;11011;21.37;42.66;967.01;;;;42.00;5.00;40.20;33.69
2024-02-22T14:17:39.249258190Z;eui-70b3d57ed00633b8;-55;13.25;11011;21.38;42.59;966.83;;;;42.00;5.00;40.20;33.69
2024-02-22T14:18:45.538019612Z;eui-70b3d57ed00633b8;-57;13.5;11011;21.42;42.37;966.86;;;;42.00;5.00;40.20;33.69
2024-02-22T14:23:18.754973016Z;eui-70b3d57ed00633b8;-55;14.25;11011;21.44;42.41;966.80;;;;42.00;5.00;40.20;33.69
2024-02-22T14:25:03.231896997Z;eui-70b3d57ed00633b8;-62;11.25;11011;21.43;42.42;966.77;;;;42.00;5.00;40.20;33.69
2024-02-22T14:26:09.521757795Z;eui-70b3d57ed00633b8;-59;13.25;11011;21.56;42.39;966.70;;;;42.00;5.00;40.20;33.69
2024-02-22T14:30:58.071262517Z;eui-70b3d57ed00633b8;-57;15.25;11011;21.55;42.45;966.64;;;;42.00;5.00;40.20;33.69
2024-02-22T14:32:42.538658604Z;eui-70b3d57ed00633b8;-57;13.5;11011;21.55;42.37;966.63;;;;42.00;5.00;40.20;33.69
2024-02-22T14:33:48.004348126Z;eui-70b3d57ed00633b8;-68;13;11011;21.53;42.55;966.37;50.047264;10.206084;240.20;42.00;5.00;40.20;33.69
2024-02-22T14:34:54.356869932Z;eui-70b3d57ed00633b8;-62;10;11011;21.53;42.33;966.36;50.047230;10.206123;229.20;42.00;5.00;40.20;33.69
2024-02-22T14:36:00.690239070Z;eui-70b3d57ed00633b8;-65;13.5;11011;21.57;42.75;966.40;50.047226;10.206080;240.50;42.00;5.00;40.20;33.69
2024-02-22T14:37:07.015744417Z;eui-70b3d57ed00633b8;-70;10.75;11011;21.57;42.67;966.39;50.047245;10.206079;233.80;42.00;5.00;40.20;33.69
2024-02-22T14:38:13.350464315Z;eui-70b3d57ed00633b8;-64;13.5;11011;21.57;42.42;966.38;50.047256;10.206139;229.10;42.00;5.00;40.20;33.69
2024-02-22T14:39:19.687021701Z;eui-70b3d57ed00633b8;-59;13.75;11011;21.59;42.48;966.17;50.047421;10.206138;195.70;42.00;5.00;40.20;33.69
2024-02-22T14:40:26.007315983Z;eui-70b3d57ed00633b8;-64;11.25;11011;21.62;42.49;966.24;50.047127;10.206184;244.60;42.00;5.00;40.20;33.69
2024-02-22T14:41:32.354181023Z;eui-70b3d57ed00633b8;-61;11;11011;21.62;42.51;966.18;50.047302;10.206161;221.80;42.00;5.00;40.20;33.69
2024-02-22T14:42:38.704377014Z;eui-70b3d57ed00633b8;-60;13;11011;21.58;42.50;966.20;50.047123;10.206159;242.50;42.00;5.00;40.20;33.69
2024-02-22T14:43:27.378861364Z;eui-70b3d57ed00633b8;-54;13.25;11011;21.66;42.28;966.22;;;;42.00;5.00;40.20;33.69
2024-02-22T14:44:45.397590618Z;eui-70b3d57ed00633b8;-52;13;11011;21.65;42.35;966.22;;;;42.00;5.00;40.20;33.69
2024-02-22T14:46:09.052996324Z;eui-70b3d57ed00633b8;-54;13;11011;21.65;42.20;966.22;50.047295;10.206217;224.00;42.00;5.00;40.20;33.69
2024-02-22T14:50:35.907219385Z;eui-70b3d57ed00633b8;-57;15;11011;21.68;42.31;966.13;;;;42.00;5.00;40.20;33.69
2024-02-22T14:52:03.626871811Z;eui-70b3d57ed00633b8;-57;13.5;11011;21.67;42.33;966.10;50.047192;10.206145;228.50;42.00;5.00;40.20;33.69
2024-02-22T14:57:12.117811614Z;eui-70b3d57ed00633b8;-58;11.5;11011;21.71;42.32;966.04;;;;42.00;5.00;40.20;33.69
2024-02-22T14:59:02.179754874Z;eui-70b3d57ed00633b8;-61;14;11011;21.71;42.34;966.09;;;;42.00;5.00;40.20;33.69
2024-02-22T15:00:08.473454109Z;eui-70b3d57ed00633b8;-62;13.5;11011;21.68;42.11;966.07;;;;42.00;5.00;40.20;33.69
2024-02-22T15:01:14.760509995Z;eui-70b3d57ed00633b8;-62;9.5;11011;21.66;42.24;966.06;;;;42.00;5.00;40.20;33.69
2024-02-22T15:02:21.055762748Z;eui-70b3d57ed00633b8;-61;13.5;11011;21.39;42.47;965.94;;;;42.00;5.00;40.20;33.69
2024-02-22T15:03:27.365922760Z;eui-70b3d57ed00633b8;-61;12.75;11011;21.34;42.25;965.91;;;;42.00;5.00;40.20;33.69
2024-02-22T15:04:33.649605320Z;eui-70b3d57ed00633b8;-62;12.5;11011;21.44;42.26;965.83;;;;42.00;5.00;40.20;33.69
2024-02-22T15:05:39.954650239Z;eui-70b3d57ed00633b8;-61;13.5;11011;21.38;42.26;965.87;;;;42.00;5.00;40.20;33.69
2024-02-22T15:06:46.242832406Z;eui-70b3d57ed00633b8;-63;13.25;11011;21.45;42.27;965.88;;;;42.00;5.00;40.20;33.69
2024-02-22T15:07:52.530040293Z;eui-70b3d57ed00633b8;-63;13.5;11011;21.49;41.97;965.86;;;;42.00;5.00;40.20;33.69
2024-02-22T15:08:58.823913447Z;eui-70b3d57ed00633b8;-62;9.75;11011;21.49;41.97;965.86;;;;42.00;5.00;40.20;33.69
2024-02-22T15:10:05.125395047Z;eui-70b3d57ed00633b8;-55;10.5;11011;21.41;42.10;965.74;;;;42.00;5.00;40.20;33.69
2024-02-22T15:11:11.407593658Z;eui-70b3d57ed00633b8;-45;13.5;11011;21.48;42.31;965.69;;;;42.00;5.00;40.20;33.69
2024-02-22T15:12:17.713993235Z;eui-70b3d57ed00633b8;-44;13.25;11011;21.14;43.25;965.66;;;;42.00;5.00;40.20;33.69
2024-02-22T15:13:23.998180976Z;eui-70b3d57ed00633b8;-43;9.5;11011;20.90;43.66;965.68;;;;42.00;5.00;40.20;33.69
2024-02-22T15:14:30.300707870Z;eui-70b3d57ed00633b8;-47;11.5;11011;20.77;44.11;965.66;;;;42.00;5.00;40.20;33.69
2024-02-22T15:15:36.585135040Z;eui-70b3d57ed00633b8;-42;13.5;11011;20.64;44.51;965.62;;;;42.00;5.00;40.20;33.69
2024-02-22T15:16:42.889534970Z;eui-70b3d57ed00633b8;-42;13.75;11011;20.59;44.64;965.67;;;;42.00;5.00;40.20;33.69
2024-02-22T15:17:49.176461136Z;eui-70b3d57ed00633b8;-49;13.5;11011;20.50;44.90;965.69;;;;42.00;5.00;40.20;33.69
2024-02-22T15:18:55.463577140Z;eui-70b3d57ed00633b8;-49;13;11011;20.58;44.94;965.60;;;;42.00;5.00;40.20;33.69
2024-02-22T15:20:00.942032422Z;eui-70b3d57ed00633b8;-47;13;11011;20.96;44.11;965.64;50.047176;10.206040;242.50;42.00;5.00;40.20;33.69
2024-02-22T15:21:07.254672235Z;eui-70b3d57ed00633b8;-44;14.25;11011;21.05;43.87;965.66;;;;42.00;5.00;40.20;33.69
2024-02-22T15:22:13.548558722Z;eui-70b3d57ed00633b8;-46;14;11011;21.13;43.80;965.60;;;;42.00;5.00;40.20;33.69
2024-02-22T15:23:19.143085886Z;eui-70b3d57ed00633b8;-47;11.75;11011;21.21;43.59;965.67;;;;42.00;5.00;40.20;33.69
2024-02-22T15:24:25.419419616Z;eui-70b3d57ed00633b8;-46;13.5;11011;21.29;43.35;965.70;;;;42.00;5.00;40.20;33.69
2024-02-22T15:25:31.721305574Z;eui-70b3d57ed00633b8;-42;13.75;11011;21.29;43.42;965.64;;;;42.00;5.00;40.20;33.69
2024-02-22T15:26:38.021299442Z;eui-70b3d57ed00633b8;-44;10.75;11011;21.30;43.41;965.61;;;;42.00;5.00;40.20;33.69
2024-02-22T15:27:44.318303880Z;eui-70b3d57ed00633b8;-45;13.75;11011;21.28;43.60;965.57;;;;42.00;5.00;40.20;33.69
2024-02-22T15:28:50.606686765Z;eui-70b3d57ed00633b8;-47;13.25;11011;21.27;43.48;965.58;;;;42.00;5.00;40.20;33.69
2024-02-22T15:29:56.898141467Z;eui-70b3d57ed00633b8;-42;14;11011;21.36;43.44;965.51;;;;42.00;5.00;40.20;33.69
2024-02-22T15:31:03.183044620Z;eui-70b3d57ed00633b8;-47;11.25;11011;21.24;43.81;965.67;;;;42.00;5.00;40.20;33.69
2024-02-22T15:32:09.474372216Z;eui-70b3d57ed00633b8;-42;14.25;11011;21.28;43.64;965.52;;;;42.00;5.00;40.20;33.69
2024-02-22T15:33:15.771154325Z;eui-70b3d57ed00633b8;-45;14;11011;21.28;43.51;965.51;;;;42.00;5.00;40.20;33.69
2024-02-22T15:34:22.069513813Z;eui-70b3d57ed00633b8;-44;13.5;11011;21.30;43.60;965.46;;;;42.00;5.00;40.20;33.69
2024-02-22T15:35:28.360389824Z;eui-70b3d57ed00633b8;-47;13.5;11011;21.26;43.74;965.43;;;;42.00;5.00;40.20;33.69
2024-02-22T15:36:34.663662145Z;eui-70b3d57ed00633b8;-47;13.5;11011;21.26;43.65;965.43;;;;42.00;5.00;40.20;33.69
2024-02-22T15:37:40.968319048Z;eui-70b3d57ed00633b8;-44;10.5;11011;21.28;43.63;965.40;;;;42.00;5.00;40.20;33.69
2024-02-22T15:38:47.249886726Z;eui-70b3d57ed00633b8;-45;13.5;11011;21.26;43.42;965.40;;;;42.00;5.00;40.20;33.69
2024-02-22T15:39:53.547343501Z;eui-70b3d57ed00633b8;-44;10.25;11011;21.26;43.98;965.37;;;;42.00;5.00;40.20;33.69
2024-02-22T15:40:59.824968159Z;eui-70b3d57ed00633b8;-43;13.5;11011;21.25;43.58;965.37;;;;42.00;5.00;40.20;33.69
2024-02-22T15:47:55.531878629Z;eui-70b3d57ed00633b8;-42;13.75;11011;21.24;43.83;965.34;;;;42.00;5.00;40.20;33.69
2024-02-22T15:49:23.195556606Z;eui-70b3d57ed00633b8;-37;13.75;11011;21.23;43.83;965.30;;;;42.00;5.00;40.20;33.69
2024-02-22T15:50:58.024778754Z;eui-70b3d57ed00633b8;-45;10;11011;21.29;43.70;965.29;;;;42.00;5.00;40.20;33.69
2024-02-22T15:52:04.324303440Z;eui-70b3d57ed00633b8;-49;11.25;11011;21.33;43.61;965.23;;;;42.00;5.00;40.20;33.69
2024-02-22T15:56:20.989046425Z;eui-70b3d57ed00633b8;-42;10;11011;21.32;43.62;965.25;;;;42.00;5.00;40.20;33.69
2024-02-22T15:57:54.258101605Z;eui-70b3d57ed00633b8;-42;13.25;11011;21.31;43.65;965.32;;;;42.00;5.00;40.20;33.69
2024-02-22T15:59:29.084333959Z;eui-70b3d57ed00633b8;-46;14;11011;21.29;43.58;965.16;;;;42.00;5.00;40.20;33.69
2024-02-22T16:00:34.680794956Z;eui-70b3d57ed00633b8;-53;13.5;11011;21.16;44.19;965.22;50.047180;10.206106;247.60;42.00;5.00;40.20;33.69
2024-02-22T16:01:40.979875727Z;eui-70b3d57ed00633b8;-61;13.75;11011;21.39;43.29;965.11;;;;42.00;5.00;40.20;33.69
2024-02-22T16:02:47.274072926Z;eui-70b3d57ed00633b8;-57;10.25;11011;21.40;43.15;965.11;;;;42.00;5.00;40.20;33.69
2024-02-22T16:03:53.564782699Z;eui-70b3d57ed00633b8;-58;14;11011;21.59;42.71;965.06;;;;42.00;5.00;40.20;33.69
2024-02-22T16:04:59.857021977Z;eui-70b3d57ed00633b8;-57;13.75;11011;21.66;42.57;965.12;;;;42.00;5.00;40.20;33.69
2024-02-22T16:06:06.166362089Z;eui-70b3d57ed00633b8;-57;10.75;11011;21.66;42.82;965.12;;;;42.00;5.00;40.20;33.69
2024-02-22T16:07:12.455537824Z;eui-70b3d57ed00633b8;-54;13.5;11011;21.64;42.77;965.06;;;;42.00;5.00;40.20;33.69
2024-02-22T16:08:18.738262745Z;eui-70b3d57ed00633b8;-50;13;11011;21.65;42.68;965.01;;;;42.00;5.00;40.20;33.69
2024-02-22T16:09:25.055669783Z;eui-70b3d57ed00633b8;-53;13.75;11011;21.65;42.99;965.02;;;;42.00;5.00;40.20;33.69
2024-02-22T16:10:31.337149516Z;eui-70b3d57ed00633b8;-57;13;11011;21.75;42.72;964.94;;;;42.00;5.00;40.20;33.69
2024-02-22T16:11:37.629922977Z;eui-70b3d57ed00633b8;-58;14.25;11011;21.81;42.78;965.04;;;;42.00;5.00;40.20;33.69
2024-02-22T16:12:43.928636656Z;eui-70b3d57ed00633b8;-57;13.5;11011;21.80;42.80;965.03;;;;42.00;5.00;40.20;33.69
2024-02-22T16:13:50.216092130Z;eui-70b3d57ed00633b8;-56;11;11011;21.70;42.58;964.92;;;;42.00;5.00;40.20;33.69
2024-02-22T16:14:56.502404546Z;eui-70b3d57ed00633b8;-56;10;11011;21.63;43.00;965.06;;;;42.00;5.00;40.20;33.69
2024-02-22T16:16:02.808934390Z;eui-70b3d57ed00633b8;-51;14;11011;21.57;43.79;965.03;;;;42.00;5.00;40.20;33.69
2024-02-22T16:17:09.095654206Z;eui-70b3d57ed00633b8;-52;13.5;11011;21.59;43.07;965.03;;;;42.00;5.00;40.20;33.69
2024-02-22T16:18:15.382703388Z;eui-70b3d57ed00633b8;-52;13.25;11011;21.77;42.99;964.90;;;;42.00;5.00;40.20;33.69
2024-02-22T16:19:21.683216874Z;eui-70b3d57ed00633b8;-52;10.5;11011;21.78;42.79;964.93;;;;42.00;5.00;40.20;33.69
2024-02-22T16:20:27.980721977Z;eui-70b3d57ed00633b8;-52;13.75;11011;21.77;42.56;964.92;;;;42.00;5.00;40.20;33.69
2024-02-22T16:21:34.276380970Z;eui-70b3d57ed00633b8;-52;13.25;11011;21.77;42.76;964.84;;;;42.00;5.00;40.20;33.69
2024-02-22T16:22:40.555661903Z;eui-70b3d57ed00633b8;-55;13.5;11011;21.81;42.58;964.85;;;;42.00;5.00;40.20;33.69
2024-02-22T16:23:46.863271209Z;eui-70b3d57ed00633b8;-56;8.75;11011;21.76;42.81;964.77;;;;42.00;5.00;40.20;33.69
2024-02-22T16:24:53.156387707Z;eui-70b3d57ed00633b8;-57;14;11011;21.74;42.64;964.79;;;;42.00;5.00;40.20;33.69
2024-02-22T16:25:59.436221678Z;eui-70b3d57ed00633b8;-60;13.75;11011;21.64;43.07;964.81;;;;42.00;5.00;40.20;33.69
2024-02-22T16:27:05.731914021Z;eui-70b3d57ed00633b8;-62;13.75;11011;21.49;43.25;964.87;;;;42.00;5.00;40.20;33.69
2024-02-22T16:28:12.033700404Z;eui-70b3d57ed00633b8;-64;13.25;11011;21.49;43.28;964.87;;;;42.00;5.00;40.20;33.69
